"LOCATION","INDICATOR","SUBJECT","MEASURE","FREQUENCY","TIME","Value","Flag Codes"
"AUT","GDP","TOT","MLN_USD","A","2001",238878.519,
"AUT","GDP","TOT","MLN_USD","A","2002",251984.784,
"AUT","GDP","TOT","MLN_USD","A","2003",261057.076,
"AUT","GDP","TOT","MLN_USD","A","2004",275998.472,
"AUT","GDP","TOT","MLN_USD","A","2005",288086.722,
"AUT","GDP","TOT","MLN_USD","A","2006",311414.93,
"AUT","GDP","TOT","MLN_USD","A","2007",327096.286,
"AUT","GDP","TOT","MLN_USD","A","2008",343812.976,
"AUT","GDP","TOT","MLN_USD","A","2009",341392.998,
"AUT","GDP","TOT","MLN_USD","A","2010",351341.77,
"AUT","GDP","TOT","MLN_USD","A","2011",373031.477,
"AUT","GDP","TOT","MLN_USD","A","2012",391635.176,
"AUT","GDP","TOT","MLN_USD","A","2013",406370.245,
"AUT","GDP","TOT","MLN_USD","A","2014",417059.519,
"AUT","GDP","TOT","MLN_USD","A","2015",430975.924,
"AUT","GDP","TOT","MLN_USD","A","2016",460282.647,
"AUT","GDP","TOT","MLN_USD","A","2017",476590.588,
"AUT","GDP","TOT","MLN_USD","A","2018",503361.417,
"AUT","GDP","TOT","MLN_USD","A","2019",515260.46,
"BEL","GDP","TOT","MLN_USD","A","2001",296130.583,
"BEL","GDP","TOT","MLN_USD","A","2002",312900.475,
"BEL","GDP","TOT","MLN_USD","A","2003",320963.526,
"BEL","GDP","TOT","MLN_USD","A","2004",334133.78,
"BEL","GDP","TOT","MLN_USD","A","2005",347658.439,
"BEL","GDP","TOT","MLN_USD","A","2006",371912.513,
"BEL","GDP","TOT","MLN_USD","A","2007",390932.181,
"BEL","GDP","TOT","MLN_USD","A","2008",405729.43,
"BEL","GDP","TOT","MLN_USD","A","2009",407562.442,
"BEL","GDP","TOT","MLN_USD","A","2010",434081.06,
"BEL","GDP","TOT","MLN_USD","A","2011",451932.625,
"BEL","GDP","TOT","MLN_USD","A","2012",469720.336,
"BEL","GDP","TOT","MLN_USD","A","2013",487343.796,
"BEL","GDP","TOT","MLN_USD","A","2014",503619.623,
"BEL","GDP","TOT","MLN_USD","A","2015",520877.807,
"BEL","GDP","TOT","MLN_USD","A","2016",550677.566,
"BEL","GDP","TOT","MLN_USD","A","2017",573788.528,
"BEL","GDP","TOT","MLN_USD","A","2018",600269.926,
"BEL","GDP","TOT","MLN_USD","A","2019",624132.522,
"CZE","GDP","TOT","MLN_USD","A","2001",180027.35,
"CZE","GDP","TOT","MLN_USD","A","2002",186119.946,
"CZE","GDP","TOT","MLN_USD","A","2003",199171.057,
"CZE","GDP","TOT","MLN_USD","A","2004",213446.515,
"CZE","GDP","TOT","MLN_USD","A","2005",225620.781,
"CZE","GDP","TOT","MLN_USD","A","2006",244952.528,
"CZE","GDP","TOT","MLN_USD","A","2007",270677.659,
"CZE","GDP","TOT","MLN_USD","A","2008",290503.947,
"CZE","GDP","TOT","MLN_USD","A","2009",289939.429,
"CZE","GDP","TOT","MLN_USD","A","2010",292047.155,
"CZE","GDP","TOT","MLN_USD","A","2011",304400.914,
"CZE","GDP","TOT","MLN_USD","A","2012",307490.199,
"CZE","GDP","TOT","MLN_USD","A","2013",324029.978,
"CZE","GDP","TOT","MLN_USD","A","2014",342099.837,
"CZE","GDP","TOT","MLN_USD","A","2015",357503.881,
"CZE","GDP","TOT","MLN_USD","A","2016",381420.335,
"CZE","GDP","TOT","MLN_USD","A","2017",411327.86,
"CZE","GDP","TOT","MLN_USD","A","2018",437355.916,
"CZE","GDP","TOT","MLN_USD","A","2019",457348.481,
"DNK","GDP","TOT","MLN_USD","A","2001",157748.156,
"DNK","GDP","TOT","MLN_USD","A","2002",164720.391,
"DNK","GDP","TOT","MLN_USD","A","2003",166139.58,
"DNK","GDP","TOT","MLN_USD","A","2004",178017.929,
"DNK","GDP","TOT","MLN_USD","A","2005",185074.466,
"DNK","GDP","TOT","MLN_USD","A","2006",202997.244,
"DNK","GDP","TOT","MLN_USD","A","2007",213029.943,
"DNK","GDP","TOT","MLN_USD","A","2008",226767.494,
"DNK","GDP","TOT","MLN_USD","A","2009",222754.194,
"DNK","GDP","TOT","MLN_USD","A","2010",238567.314,
"DNK","GDP","TOT","MLN_USD","A","2011",247352.237,
"DNK","GDP","TOT","MLN_USD","A","2012",250524.599,
"DNK","GDP","TOT","MLN_USD","A","2013",262368.12,
"DNK","GDP","TOT","MLN_USD","A","2014",270330.607,
"DNK","GDP","TOT","MLN_USD","A","2015",278748.365,
"DNK","GDP","TOT","MLN_USD","A","2016",297719.06,
"DNK","GDP","TOT","MLN_USD","A","2017",319130.165,
"DNK","GDP","TOT","MLN_USD","A","2018",333035.355,
"DNK","GDP","TOT","MLN_USD","A","2019",340268.742,
"FIN","GDP","TOT","MLN_USD","A","2001",144204.244,
"FIN","GDP","TOT","MLN_USD","A","2002",148763.802,
"FIN","GDP","TOT","MLN_USD","A","2003",151445.864,
"FIN","GDP","TOT","MLN_USD","A","2004",163128.113,
"FIN","GDP","TOT","MLN_USD","A","2005",168146.753,
"FIN","GDP","TOT","MLN_USD","A","2006",181449.857,
"FIN","GDP","TOT","MLN_USD","A","2007",200116.371,
"FIN","GDP","TOT","MLN_USD","A","2008",212980.742,
"FIN","GDP","TOT","MLN_USD","A","2009",202729.066,
"FIN","GDP","TOT","MLN_USD","A","2010",208937.272,
"FIN","GDP","TOT","MLN_USD","A","2011",220471.171,
"FIN","GDP","TOT","MLN_USD","A","2012",221285.636,
"FIN","GDP","TOT","MLN_USD","A","2013",225679.983,
"FIN","GDP","TOT","MLN_USD","A","2014",228058.636,
"FIN","GDP","TOT","MLN_USD","A","2015",232867.602,
"FIN","GDP","TOT","MLN_USD","A","2016",246928.493,
"FIN","GDP","TOT","MLN_USD","A","2017",262026.563,
"FIN","GDP","TOT","MLN_USD","A","2018",273455.993,
"FIN","GDP","TOT","MLN_USD","A","2019",277862.636,
"FRA","GDP","TOT","MLN_USD","A","2001",1686718.071,
"FRA","GDP","TOT","MLN_USD","A","2002",1762925.935,
"FRA","GDP","TOT","MLN_USD","A","2003",1753605.21,
"FRA","GDP","TOT","MLN_USD","A","2004",1822233.285,
"FRA","GDP","TOT","MLN_USD","A","2005",1926880.385,
"FRA","GDP","TOT","MLN_USD","A","2006",2065694.197,
"FRA","GDP","TOT","MLN_USD","A","2007",2184318.553,
"FRA","GDP","TOT","MLN_USD","A","2008",2259255.844,
"FRA","GDP","TOT","MLN_USD","A","2009",2243914.623,
"FRA","GDP","TOT","MLN_USD","A","2010",2334677.102,
"FRA","GDP","TOT","MLN_USD","A","2011",2446474.544,
"FRA","GDP","TOT","MLN_USD","A","2012",2474005.287,
"FRA","GDP","TOT","MLN_USD","A","2013",2608523.504,
"FRA","GDP","TOT","MLN_USD","A","2014",2662032.873,
"FRA","GDP","TOT","MLN_USD","A","2015",2718495.127,
"FRA","GDP","TOT","MLN_USD","A","2016",2864105.631,
"FRA","GDP","TOT","MLN_USD","A","2017",2983010.673,
"FRA","GDP","TOT","MLN_USD","A","2018",3125379.86,
"FRA","GDP","TOT","MLN_USD","A","2019",3300063.768,
"DEU","GDP","TOT","MLN_USD","A","2001",2336146.279,
"DEU","GDP","TOT","MLN_USD","A","2002",2406900.908,
"DEU","GDP","TOT","MLN_USD","A","2003",2468444.55,
"DEU","GDP","TOT","MLN_USD","A","2004",2585551.491,
"DEU","GDP","TOT","MLN_USD","A","2005",2622039.802,
"DEU","GDP","TOT","MLN_USD","A","2006",2814006.759,
"DEU","GDP","TOT","MLN_USD","A","2007",2985239.395,
"DEU","GDP","TOT","MLN_USD","A","2008",3103958.247,
"DEU","GDP","TOT","MLN_USD","A","2009",3015301.257,
"DEU","GDP","TOT","MLN_USD","A","2010",3185430.743,
"DEU","GDP","TOT","MLN_USD","A","2011",3415019.966,
"DEU","GDP","TOT","MLN_USD","A","2012",3487234.448,
"DEU","GDP","TOT","MLN_USD","A","2013",3628559.337,
"DEU","GDP","TOT","MLN_USD","A","2014",3807114.521,
"DEU","GDP","TOT","MLN_USD","A","2015",3889081.896,
"DEU","GDP","TOT","MLN_USD","A","2016",4165169.905,
"DEU","GDP","TOT","MLN_USD","A","2017",4386729.188,
"DEU","GDP","TOT","MLN_USD","A","2018",4576056.532,
"DEU","GDP","TOT","MLN_USD","A","2019",4624244.752,"P"
"GRC","GDP","TOT","MLN_USD","A","2001",227613.636,
"GRC","GDP","TOT","MLN_USD","A","2002",246559.281,
"GRC","GDP","TOT","MLN_USD","A","2003",261143.664,
"GRC","GDP","TOT","MLN_USD","A","2004",278923.01,
"GRC","GDP","TOT","MLN_USD","A","2005",281028.396,
"GRC","GDP","TOT","MLN_USD","A","2006",314621.908,
"GRC","GDP","TOT","MLN_USD","A","2007",323944.179,
"GRC","GDP","TOT","MLN_USD","A","2008",341817.829,
"GRC","GDP","TOT","MLN_USD","A","2009",337199.628,
"GRC","GDP","TOT","MLN_USD","A","2010",310431.181,"B"
"GRC","GDP","TOT","MLN_USD","A","2011",285079.561,
"GRC","GDP","TOT","MLN_USD","A","2012",275143.683,
"GRC","GDP","TOT","MLN_USD","A","2013",284949.076,
"GRC","GDP","TOT","MLN_USD","A","2014",290011.379,
"GRC","GDP","TOT","MLN_USD","A","2015",289570.644,
"GRC","GDP","TOT","MLN_USD","A","2016",296466.614,
"GRC","GDP","TOT","MLN_USD","A","2017",307636.013,
"GRC","GDP","TOT","MLN_USD","A","2018",317881.481,
"GRC","GDP","TOT","MLN_USD","A","2019",325646.16,
"HUN","GDP","TOT","MLN_USD","A","2001",134556.711,
"HUN","GDP","TOT","MLN_USD","A","2002",147567.884,
"HUN","GDP","TOT","MLN_USD","A","2003",156787.693,
"HUN","GDP","TOT","MLN_USD","A","2004",164431.602,
"HUN","GDP","TOT","MLN_USD","A","2005",172572.944,
"HUN","GDP","TOT","MLN_USD","A","2006",185149.517,
"HUN","GDP","TOT","MLN_USD","A","2007",192007.964,
"HUN","GDP","TOT","MLN_USD","A","2008",208006.337,
"HUN","GDP","TOT","MLN_USD","A","2009",207696.103,
"HUN","GDP","TOT","MLN_USD","A","2010",217427.075,
"HUN","GDP","TOT","MLN_USD","A","2011",229643.36,
"HUN","GDP","TOT","MLN_USD","A","2012",230821.511,
"HUN","GDP","TOT","MLN_USD","A","2013",242855.184,
"HUN","GDP","TOT","MLN_USD","A","2014",253484.632,
"HUN","GDP","TOT","MLN_USD","A","2015",263781.873,
"HUN","GDP","TOT","MLN_USD","A","2016",274222.712,
"HUN","GDP","TOT","MLN_USD","A","2017",288707.448,
"HUN","GDP","TOT","MLN_USD","A","2018",311925.167,
"HUN","GDP","TOT","MLN_USD","A","2019",328404.633,
"IRL","GDP","TOT","MLN_USD","A","2001",125913.057,
"IRL","GDP","TOT","MLN_USD","A","2002",138490.842,
"IRL","GDP","TOT","MLN_USD","A","2003",145005.765,
"IRL","GDP","TOT","MLN_USD","A","2004",157655.24,
"IRL","GDP","TOT","MLN_USD","A","2005",168336.081,
"IRL","GDP","TOT","MLN_USD","A","2006",189031.104,
"IRL","GDP","TOT","MLN_USD","A","2007",205753.769,
"IRL","GDP","TOT","MLN_USD","A","2008",198299.13,
"IRL","GDP","TOT","MLN_USD","A","2009",188086.888,
"IRL","GDP","TOT","MLN_USD","A","2010",197046.369,
"IRL","GDP","TOT","MLN_USD","A","2011",206494.885,
"IRL","GDP","TOT","MLN_USD","A","2012",213365.684,
"IRL","GDP","TOT","MLN_USD","A","2013",221217.164,
"IRL","GDP","TOT","MLN_USD","A","2014",238187.305,
"IRL","GDP","TOT","MLN_USD","A","2015",324787.369,
"IRL","GDP","TOT","MLN_USD","A","2016",340185.299,
"IRL","GDP","TOT","MLN_USD","A","2017",374825.508,
"IRL","GDP","TOT","MLN_USD","A","2018",412301.576,
"IRL","GDP","TOT","MLN_USD","A","2019",431376.701,
"ITA","GDP","TOT","MLN_USD","A","2001",1597196.303,
"ITA","GDP","TOT","MLN_USD","A","2002",1639680.501,
"ITA","GDP","TOT","MLN_USD","A","2003",1673369.915,
"ITA","GDP","TOT","MLN_USD","A","2004",1704872.813,
"ITA","GDP","TOT","MLN_USD","A","2005",1746658.11,
"ITA","GDP","TOT","MLN_USD","A","2006",1886981.526,
"ITA","GDP","TOT","MLN_USD","A","2007",1995154.341,
"ITA","GDP","TOT","MLN_USD","A","2008",2089717.307,
"ITA","GDP","TOT","MLN_USD","A","2009",2044872.135,
"ITA","GDP","TOT","MLN_USD","A","2010",2084102.928,
"ITA","GDP","TOT","MLN_USD","A","2011",2173169.961,
"ITA","GDP","TOT","MLN_USD","A","2012",2172383.108,
"ITA","GDP","TOT","MLN_USD","A","2013",2187376.607,
"ITA","GDP","TOT","MLN_USD","A","2014",2200256.409,
"ITA","GDP","TOT","MLN_USD","A","2015",2240922.483,
"ITA","GDP","TOT","MLN_USD","A","2016",2420672.141,
"ITA","GDP","TOT","MLN_USD","A","2017",2517184.468,
"ITA","GDP","TOT","MLN_USD","A","2018",2600326.872,
"ITA","GDP","TOT","MLN_USD","A","2019",2650570.648,
"LUX","GDP","TOT","MLN_USD","A","2001",24780.682,
"LUX","GDP","TOT","MLN_USD","A","2002",26135.007,
"LUX","GDP","TOT","MLN_USD","A","2003",27186.558,
"LUX","GDP","TOT","MLN_USD","A","2004",29635.341,
"LUX","GDP","TOT","MLN_USD","A","2005",31997.214,
"LUX","GDP","TOT","MLN_USD","A","2006",37280.896,
"LUX","GDP","TOT","MLN_USD","A","2007",40852.155,
"LUX","GDP","TOT","MLN_USD","A","2008",44452.835,
"LUX","GDP","TOT","MLN_USD","A","2009",43245.312,
"LUX","GDP","TOT","MLN_USD","A","2010",45809.158,
"LUX","GDP","TOT","MLN_USD","A","2011",48970.83,
"LUX","GDP","TOT","MLN_USD","A","2012",51308.749,
"LUX","GDP","TOT","MLN_USD","A","2013",54838.627,
"LUX","GDP","TOT","MLN_USD","A","2014",58578.312,
"LUX","GDP","TOT","MLN_USD","A","2015",61437.294,
"LUX","GDP","TOT","MLN_USD","A","2016",65980.114,
"LUX","GDP","TOT","MLN_USD","A","2017",68570.173,
"LUX","GDP","TOT","MLN_USD","A","2018",70825.278,
"LUX","GDP","TOT","MLN_USD","A","2019",72368.573,
"NLD","GDP","TOT","MLN_USD","A","2001",532415.015,
"NLD","GDP","TOT","MLN_USD","A","2002",556285.465,
"NLD","GDP","TOT","MLN_USD","A","2003",554087.973,
"NLD","GDP","TOT","MLN_USD","A","2004",583046.953,
"NLD","GDP","TOT","MLN_USD","A","2005",614044.12,
"NLD","GDP","TOT","MLN_USD","A","2006",670415.576,
"NLD","GDP","TOT","MLN_USD","A","2007",719798.015,
"NLD","GDP","TOT","MLN_USD","A","2008",763407.575,
"NLD","GDP","TOT","MLN_USD","A","2009",736543.428,
"NLD","GDP","TOT","MLN_USD","A","2010",748422.162,
"NLD","GDP","TOT","MLN_USD","A","2011",777880.907,
"NLD","GDP","TOT","MLN_USD","A","2012",792041.828,
"NLD","GDP","TOT","MLN_USD","A","2013",827475.788,
"NLD","GDP","TOT","MLN_USD","A","2014",830318.43,
"NLD","GDP","TOT","MLN_USD","A","2015",851884.697,
"NLD","GDP","TOT","MLN_USD","A","2016",890488.555,
"NLD","GDP","TOT","MLN_USD","A","2017",943739.619,
"NLD","GDP","TOT","MLN_USD","A","2018",996447.288,
"NLD","GDP","TOT","MLN_USD","A","2019",1023422.035,
"POL","GDP","TOT","MLN_USD","A","2001",425307.706,
"POL","GDP","TOT","MLN_USD","A","2002",451281.404,
"POL","GDP","TOT","MLN_USD","A","2003",469475.426,
"POL","GDP","TOT","MLN_USD","A","2004",509873.159,
"POL","GDP","TOT","MLN_USD","A","2005",530377.339,
"POL","GDP","TOT","MLN_USD","A","2006",577929.412,
"POL","GDP","TOT","MLN_USD","A","2007",640533.407,
"POL","GDP","TOT","MLN_USD","A","2008",697829.214,
"POL","GDP","TOT","MLN_USD","A","2009",734034.283,
"POL","GDP","TOT","MLN_USD","A","2010",794745.272,
"POL","GDP","TOT","MLN_USD","A","2011",862451.786,
"POL","GDP","TOT","MLN_USD","A","2012",897877.763,
"POL","GDP","TOT","MLN_USD","A","2013",925133.245,
"POL","GDP","TOT","MLN_USD","A","2014",962317.654,
"POL","GDP","TOT","MLN_USD","A","2015",1018896.563,
"POL","GDP","TOT","MLN_USD","A","2016",1069459.06,
"POL","GDP","TOT","MLN_USD","A","2017",1137654.148,
"POL","GDP","TOT","MLN_USD","A","2018",1216240.494,
"POL","GDP","TOT","MLN_USD","A","2019",1280514.368,
"PRT","GDP","TOT","MLN_USD","A","2001",202331.109,
"PRT","GDP","TOT","MLN_USD","A","2002",212108.896,
"PRT","GDP","TOT","MLN_USD","A","2003",218077.809,
"PRT","GDP","TOT","MLN_USD","A","2004",225170.605,
"PRT","GDP","TOT","MLN_USD","A","2005",238691.186,
"PRT","GDP","TOT","MLN_USD","A","2006",259718.686,
"PRT","GDP","TOT","MLN_USD","A","2007",271303.225,
"PRT","GDP","TOT","MLN_USD","A","2008",281542.549,
"PRT","GDP","TOT","MLN_USD","A","2009",279624.157,
"PRT","GDP","TOT","MLN_USD","A","2010",288243.302,
"PRT","GDP","TOT","MLN_USD","A","2011",282620.91,
"PRT","GDP","TOT","MLN_USD","A","2012",277991.759,
"PRT","GDP","TOT","MLN_USD","A","2013",292135.199,
"PRT","GDP","TOT","MLN_USD","A","2014",298951.673,
"PRT","GDP","TOT","MLN_USD","A","2015",307230.008,
"PRT","GDP","TOT","MLN_USD","A","2016",326364.379,
"PRT","GDP","TOT","MLN_USD","A","2017",340370.325,
"PRT","GDP","TOT","MLN_USD","A","2018",359198.932,
"PRT","GDP","TOT","MLN_USD","A","2019",372075.682,
"SVK","GDP","TOT","MLN_USD","A","2001",66622.53,
"SVK","GDP","TOT","MLN_USD","A","2002",71578.565,
"SVK","GDP","TOT","MLN_USD","A","2003",76200.402,
"SVK","GDP","TOT","MLN_USD","A","2004",81800.107,
"SVK","GDP","TOT","MLN_USD","A","2005",89400.317,
"SVK","GDP","TOT","MLN_USD","A","2006",101626.158,
"SVK","GDP","TOT","MLN_USD","A","2007",114062.267,
"SVK","GDP","TOT","MLN_USD","A","2008",127626.827,
"SVK","GDP","TOT","MLN_USD","A","2009",124321.384,
"SVK","GDP","TOT","MLN_USD","A","2010",136958.601,
"SVK","GDP","TOT","MLN_USD","A","2011",141755.313,
"SVK","GDP","TOT","MLN_USD","A","2012",145972.536,
"SVK","GDP","TOT","MLN_USD","A","2013",151678.246,
"SVK","GDP","TOT","MLN_USD","A","2014",157298.526,
"SVK","GDP","TOT","MLN_USD","A","2015",163007.449,
"SVK","GDP","TOT","MLN_USD","A","2016",161498.697,
"SVK","GDP","TOT","MLN_USD","A","2017",163951.2,
"SVK","GDP","TOT","MLN_USD","A","2018",170864.165,
"SVK","GDP","TOT","MLN_USD","A","2019",175072.374,
"ESP","GDP","TOT","MLN_USD","A","2001",937483.141,
"ESP","GDP","TOT","MLN_USD","A","2002",1009753.34,
"ESP","GDP","TOT","MLN_USD","A","2003",1056636.911,
"ESP","GDP","TOT","MLN_USD","A","2004",1122134.155,
"ESP","GDP","TOT","MLN_USD","A","2005",1205129.038,
"ESP","GDP","TOT","MLN_USD","A","2006",1363895.333,
"ESP","GDP","TOT","MLN_USD","A","2007",1468493.342,
"ESP","GDP","TOT","MLN_USD","A","2008",1528583.756,
"ESP","GDP","TOT","MLN_USD","A","2009",1487897.443,
"ESP","GDP","TOT","MLN_USD","A","2010",1475681.862,
"ESP","GDP","TOT","MLN_USD","A","2011",1489594.952,
"ESP","GDP","TOT","MLN_USD","A","2012",1483654.097,
"ESP","GDP","TOT","MLN_USD","A","2013",1512561.983,
"ESP","GDP","TOT","MLN_USD","A","2014",1558986.389,
"ESP","GDP","TOT","MLN_USD","A","2015",1621825.009,
"ESP","GDP","TOT","MLN_USD","A","2016",1734116.161,
"ESP","GDP","TOT","MLN_USD","A","2017",1842770.464,
"ESP","GDP","TOT","MLN_USD","A","2018",1905450.021,
"ESP","GDP","TOT","MLN_USD","A","2019",1967090.398,
"SWE","GDP","TOT","MLN_USD","A","2001",266234.723,
"SWE","GDP","TOT","MLN_USD","A","2002",276017.772,
"SWE","GDP","TOT","MLN_USD","A","2003",285004.827,
"SWE","GDP","TOT","MLN_USD","A","2004",304508.475,
"SWE","GDP","TOT","MLN_USD","A","2005",309212.867,
"SWE","GDP","TOT","MLN_USD","A","2006",342608.924,
"SWE","GDP","TOT","MLN_USD","A","2007",374204.044,
"SWE","GDP","TOT","MLN_USD","A","2008",388684.19,
"SWE","GDP","TOT","MLN_USD","A","2009",374539.179,
"SWE","GDP","TOT","MLN_USD","A","2010",395981.231,
"SWE","GDP","TOT","MLN_USD","A","2011",421515.998,
"SWE","GDP","TOT","MLN_USD","A","2012",432488.303,
"SWE","GDP","TOT","MLN_USD","A","2013",444616.544,
"SWE","GDP","TOT","MLN_USD","A","2014",457507.758,
"SWE","GDP","TOT","MLN_USD","A","2015",481170.723,
"SWE","GDP","TOT","MLN_USD","A","2016",500423.665,
"SWE","GDP","TOT","MLN_USD","A","2017",522476.825,
"SWE","GDP","TOT","MLN_USD","A","2018",544594.071,
"SWE","GDP","TOT","MLN_USD","A","2019",561214.709,
"EST","GDP","TOT","MLN_USD","A","2001",14317.383,
"EST","GDP","TOT","MLN_USD","A","2002",16087.747,
"EST","GDP","TOT","MLN_USD","A","2003",18001.073,
"EST","GDP","TOT","MLN_USD","A","2004",19806.496,
"EST","GDP","TOT","MLN_USD","A","2005",22536.556,
"EST","GDP","TOT","MLN_USD","A","2006",26054.463,
"EST","GDP","TOT","MLN_USD","A","2007",29756.67,
"EST","GDP","TOT","MLN_USD","A","2008",30488.762,
"EST","GDP","TOT","MLN_USD","A","2009",27328.024,
"EST","GDP","TOT","MLN_USD","A","2010",28785.782,
"EST","GDP","TOT","MLN_USD","A","2011",32598.245,
"EST","GDP","TOT","MLN_USD","A","2012",34384.891,
"EST","GDP","TOT","MLN_USD","A","2013",36198.154,
"EST","GDP","TOT","MLN_USD","A","2014",38050.086,
"EST","GDP","TOT","MLN_USD","A","2015",38378.235,
"EST","GDP","TOT","MLN_USD","A","2016",41201.029,
"EST","GDP","TOT","MLN_USD","A","2017",44556.482,
"EST","GDP","TOT","MLN_USD","A","2018",48133.366,
"EST","GDP","TOT","MLN_USD","A","2019",50281.959,
"SVN","GDP","TOT","MLN_USD","A","2001",37745.933,
"SVN","GDP","TOT","MLN_USD","A","2002",40372.33,
"SVN","GDP","TOT","MLN_USD","A","2003",42134.66,
"SVN","GDP","TOT","MLN_USD","A","2004",45453.88,
"SVN","GDP","TOT","MLN_USD","A","2005",47716.594,
"SVN","GDP","TOT","MLN_USD","A","2006",51617.51,
"SVN","GDP","TOT","MLN_USD","A","2007",55639.892,
"SVN","GDP","TOT","MLN_USD","A","2008",59839.586,
"SVN","GDP","TOT","MLN_USD","A","2009",56167.869,
"SVN","GDP","TOT","MLN_USD","A","2010",57005.689,
"SVN","GDP","TOT","MLN_USD","A","2011",59391.555,
"SVN","GDP","TOT","MLN_USD","A","2012",59745.667,
"SVN","GDP","TOT","MLN_USD","A","2013",61744.434,
"SVN","GDP","TOT","MLN_USD","A","2014",63653.392,
"SVN","GDP","TOT","MLN_USD","A","2015",65265.909,
"SVN","GDP","TOT","MLN_USD","A","2016",70079.359,
"SVN","GDP","TOT","MLN_USD","A","2017",75438.709,
"SVN","GDP","TOT","MLN_USD","A","2018",80823.475,
"SVN","GDP","TOT","MLN_USD","A","2019",85175.856,
"LVA","GDP","TOT","MLN_USD","A","2001",21138.659,
"LVA","GDP","TOT","MLN_USD","A","2002",23289.296,
"LVA","GDP","TOT","MLN_USD","A","2003",25306.967,
"LVA","GDP","TOT","MLN_USD","A","2004",27787.951,
"LVA","GDP","TOT","MLN_USD","A","2005",31150.197,
"LVA","GDP","TOT","MLN_USD","A","2006",35181.638,
"LVA","GDP","TOT","MLN_USD","A","2007",40126.442,
"LVA","GDP","TOT","MLN_USD","A","2008",42617.067,
"LVA","GDP","TOT","MLN_USD","A","2009",36459.253,
"LVA","GDP","TOT","MLN_USD","A","2010",37141.199,
"LVA","GDP","TOT","MLN_USD","A","2011",39646.155,
"LVA","GDP","TOT","MLN_USD","A","2012",43311.605,
"LVA","GDP","TOT","MLN_USD","A","2013",45564.445,
"LVA","GDP","TOT","MLN_USD","A","2014",47483.528,
"LVA","GDP","TOT","MLN_USD","A","2015",49384.341,
"LVA","GDP","TOT","MLN_USD","A","2016",52362.25,
"LVA","GDP","TOT","MLN_USD","A","2017",55691.141,
"LVA","GDP","TOT","MLN_USD","A","2018",59505.492,
"LVA","GDP","TOT","MLN_USD","A","2019",61081.488,
"LTU","GDP","TOT","MLN_USD","A","2001",32750.855,
"LTU","GDP","TOT","MLN_USD","A","2002",36085.819,
"LTU","GDP","TOT","MLN_USD","A","2003",41213.675,
"LTU","GDP","TOT","MLN_USD","A","2004",44004.554,
"LTU","GDP","TOT","MLN_USD","A","2005",48211.647,
"LTU","GDP","TOT","MLN_USD","A","2006",53900.646,
"LTU","GDP","TOT","MLN_USD","A","2007",61700.337,
"LTU","GDP","TOT","MLN_USD","A","2008",66270.653,
"LTU","GDP","TOT","MLN_USD","A","2009",57301.637,
"LTU","GDP","TOT","MLN_USD","A","2010",62245.322,
"LTU","GDP","TOT","MLN_USD","A","2011",69297.819,
"LTU","GDP","TOT","MLN_USD","A","2012",73809.042,
"LTU","GDP","TOT","MLN_USD","A","2013",79034.188,
"LTU","GDP","TOT","MLN_USD","A","2014",82647.295,
"LTU","GDP","TOT","MLN_USD","A","2015",83761.504,
"LTU","GDP","TOT","MLN_USD","A","2016",88700.479,
"LTU","GDP","TOT","MLN_USD","A","2017",95492.278,
"LTU","GDP","TOT","MLN_USD","A","2018",101910.429,
"LTU","GDP","TOT","MLN_USD","A","2019",107794.695,
"BGR","GDP","TOT","MLN_USD","A","2001",55735.482,
"BGR","GDP","TOT","MLN_USD","A","2002",61023.358,
"BGR","GDP","TOT","MLN_USD","A","2003",65444.769,
"BGR","GDP","TOT","MLN_USD","A","2004",71006.671,
"BGR","GDP","TOT","MLN_USD","A","2005",78822.132,
"BGR","GDP","TOT","MLN_USD","A","2006",86713.017,
"BGR","GDP","TOT","MLN_USD","A","2007",96666.061,
"BGR","GDP","TOT","MLN_USD","A","2008",107411.69,
"BGR","GDP","TOT","MLN_USD","A","2009",105571.004,
"BGR","GDP","TOT","MLN_USD","A","2010",110612.416,
"BGR","GDP","TOT","MLN_USD","A","2011",115715.049,
"BGR","GDP","TOT","MLN_USD","A","2012",119289.523,
"BGR","GDP","TOT","MLN_USD","A","2013",120943.013,
"BGR","GDP","TOT","MLN_USD","A","2014",127263.542,
"BGR","GDP","TOT","MLN_USD","A","2015",132016.425,
"BGR","GDP","TOT","MLN_USD","A","2016",143086.786,
"BGR","GDP","TOT","MLN_USD","A","2017",151920.581,
"BGR","GDP","TOT","MLN_USD","A","2018",161688.343,
"BGR","GDP","TOT","MLN_USD","A","2019",170888.635,
"HRV","GDP","TOT","MLN_USD","A","2001",50115.129,
"HRV","GDP","TOT","MLN_USD","A","2002",54937.533,
"HRV","GDP","TOT","MLN_USD","A","2003",58879.606,
"HRV","GDP","TOT","MLN_USD","A","2004",63171.092,
"HRV","GDP","TOT","MLN_USD","A","2005",66534.426,
"HRV","GDP","TOT","MLN_USD","A","2006",75857.811,
"HRV","GDP","TOT","MLN_USD","A","2007",84020.101,
"HRV","GDP","TOT","MLN_USD","A","2008",90166.057,
"HRV","GDP","TOT","MLN_USD","A","2009",86747.454,
"HRV","GDP","TOT","MLN_USD","A","2010",85767.891,
"HRV","GDP","TOT","MLN_USD","A","2011",89956.387,
"HRV","GDP","TOT","MLN_USD","A","2012",91314.951,
"HRV","GDP","TOT","MLN_USD","A","2013",93970.749,
"HRV","GDP","TOT","MLN_USD","A","2014",94622.399,
"HRV","GDP","TOT","MLN_USD","A","2015",97948.831,
"HRV","GDP","TOT","MLN_USD","A","2016",105239.592,
"HRV","GDP","TOT","MLN_USD","A","2017",111998.148,
"HRV","GDP","TOT","MLN_USD","A","2018",118046.395,
"HRV","GDP","TOT","MLN_USD","A","2019",124168.376,
"CYP","GDP","TOT","MLN_USD","A","2001",16038.642,
"CYP","GDP","TOT","MLN_USD","A","2002",16716.202,
"CYP","GDP","TOT","MLN_USD","A","2003",17440.271,
"CYP","GDP","TOT","MLN_USD","A","2004",18887.266,
"CYP","GDP","TOT","MLN_USD","A","2005",20504.268,
"CYP","GDP","TOT","MLN_USD","A","2006",22540.412,
"CYP","GDP","TOT","MLN_USD","A","2007",25224.294,
"CYP","GDP","TOT","MLN_USD","A","2008",27398.731,
"CYP","GDP","TOT","MLN_USD","A","2009",27380.232,
"CYP","GDP","TOT","MLN_USD","A","2010",27723.085,
"CYP","GDP","TOT","MLN_USD","A","2011",28345.916,
"CYP","GDP","TOT","MLN_USD","A","2012",27503.286,
"CYP","GDP","TOT","MLN_USD","A","2013",26181.653,
"CYP","GDP","TOT","MLN_USD","A","2014",25643.585,
"CYP","GDP","TOT","MLN_USD","A","2015",26968.589,
"CYP","GDP","TOT","MLN_USD","A","2016",30417.049,
"CYP","GDP","TOT","MLN_USD","A","2017",32909.382,
"CYP","GDP","TOT","MLN_USD","A","2018",35289.393,
"CYP","GDP","TOT","MLN_USD","A","2019",37340.707,
"MLT","GDP","TOT","MLN_USD","A","2001",7275.188,
"MLT","GDP","TOT","MLN_USD","A","2002",7760.932,
"MLT","GDP","TOT","MLN_USD","A","2003",8342.077,
"MLT","GDP","TOT","MLN_USD","A","2004",8645.484,
"MLT","GDP","TOT","MLN_USD","A","2005",9008.207,
"MLT","GDP","TOT","MLN_USD","A","2006",9452.135,
"MLT","GDP","TOT","MLN_USD","A","2007",10192.156,
"MLT","GDP","TOT","MLN_USD","A","2008",10858.224,
"MLT","GDP","TOT","MLN_USD","A","2009",10992.37,
"MLT","GDP","TOT","MLN_USD","A","2010",11905.815,
"MLT","GDP","TOT","MLN_USD","A","2011",12060.677,
"MLT","GDP","TOT","MLN_USD","A","2012",12703.251,
"MLT","GDP","TOT","MLN_USD","A","2013",13757.033,
"MLT","GDP","TOT","MLN_USD","A","2014",14924.476,
"MLT","GDP","TOT","MLN_USD","A","2015",16669.467,
"MLT","GDP","TOT","MLN_USD","A","2016",18080.367,
"MLT","GDP","TOT","MLN_USD","A","2017",20362.422,
"MLT","GDP","TOT","MLN_USD","A","2018",22080.151,
"MLT","GDP","TOT","MLN_USD","A","2019",23904.722,
"ROU","GDP","TOT","MLN_USD","A","2001",144271.218,
"ROU","GDP","TOT","MLN_USD","A","2002",155641.018,
"ROU","GDP","TOT","MLN_USD","A","2003",163101.304,
"ROU","GDP","TOT","MLN_USD","A","2004",192858.082,
"ROU","GDP","TOT","MLN_USD","A","2005",204714.62,
"ROU","GDP","TOT","MLN_USD","A","2006",244927.364,
"ROU","GDP","TOT","MLN_USD","A","2007",286098.902,
"ROU","GDP","TOT","MLN_USD","A","2008",344672.81,
"ROU","GDP","TOT","MLN_USD","A","2009",338749.812,
"ROU","GDP","TOT","MLN_USD","A","2010",343716.855,
"ROU","GDP","TOT","MLN_USD","A","2011",360566.655,
"ROU","GDP","TOT","MLN_USD","A","2012",378486.205,
"ROU","GDP","TOT","MLN_USD","A","2013",395317.882,
"ROU","GDP","TOT","MLN_USD","A","2014",411273.358,
"ROU","GDP","TOT","MLN_USD","A","2015",428130.787,
"ROU","GDP","TOT","MLN_USD","A","2016",478203.667,
"ROU","GDP","TOT","MLN_USD","A","2017",531676.309,
"ROU","GDP","TOT","MLN_USD","A","2018",571409.8,
"ROU","GDP","TOT","MLN_USD","A","2019",617320.391,
